MD5,SHA1,FileNames
55c3705a86d7916c2759682ea8be5a96,b260b7e0ee043d9fbe2b8dff145604a43d71e206,image_EJ_u2_S21.dd\Partition 1 [7639MB]\OHMYDATA [FAT32]\[root]\.Trashes\501\figura-leonardo-las-tortugas-ninja-18-cm.jpeg
8ba969c5860f1713432489fc4f53cd58,05872297f84f644d9e25eb4fb30b1789760eee5c,image_EJ_u2_S21.dd\Partition 1 [7639MB]\OHMYDATA [FAT32]\[root]\.Trashes\501\._figura-leonardo-las-tortugas-ninja-18-cm.jpeg
0c61ab88a32f5b039bc4be038b4bffb2,4df5e01cc961c8d344a49d1ff650193299648af3,image_EJ_u2_S21.dd\Partition 1 [7639MB]\OHMYDATA [FAT32]\[root]\.Trashes\501\Go Ninja Go Ninja Go! - Las Tortugas Ninja II - Castellano.mp3
d82f0773ef60f2f5a6bb6a7a0f40bdbc,dcf5b862ea58225605eeaeaafd28ebd55ff706c2,image_EJ_u2_S21.dd\Partition 1 [7639MB]\OHMYDATA [FAT32]\[root]\.Trashes\501\._Go Ninja Go Ninja Go! - Las Tortugas Ninja II - Castellano.mp3
3807b54cf634048dbf24be2a24644c7f,d968cdfc2eea2c0a05626d00fcb1066f197241ee,image_EJ_u2_S21.dd\Partition 1 [7639MB]\OHMYDATA [FAT32]\[root]\.Trashes\501\Las Tortugas Ninja Intro HD (1987).mp4
b529495e49347f0ef9f8e15ba43e2f14,d0615b147bb93baa3ca66e31ca6dfec676de21c1,image_EJ_u2_S21.dd\Partition 1 [7639MB]\OHMYDATA [FAT32]\[root]\.Trashes\501\._Las Tortugas Ninja Intro HD (1987).mp4
84a7e1e234c1ffca404ef9759f5c78aa,46001dc5f9b5cbfb31a9cddc1f137b58d72c3862,image_EJ_u2_S21.dd\Partition 1 [7639MB]\OHMYDATA [FAT32]\[root]\.Trashes\501\Michelangelo_1990_promo_sample.jpeg
fadde09cf28a8bc41a75a9fa422db47f,1b997327f1cc1e9185635cef4d2683f0b6c2ff07,image_EJ_u2_S21.dd\Partition 1 [7639MB]\OHMYDATA [FAT32]\[root]\.Trashes\501\._Michelangelo_1990_promo_sample.jpeg
ba41eac7b06ec117ce42d367e0ab8a23,dff85c18e2198045c63c0f0953a6ebd19bee44ef,image_EJ_u2_S21.dd\Partition 1 [7639MB]\OHMYDATA [FAT32]\[root]\.Trashes\501\Raphael_TMNT_2007.jpeg
7e02070d8789cb50a735339350246a6c,83cc7f0dd6eb6d5bf0489b99771733e5141845ce,image_EJ_u2_S21.dd\Partition 1 [7639MB]\OHMYDATA [FAT32]\[root]\.Trashes\501\._Raphael_TMNT_2007.jpeg
cf846c08123ab908240dfae2ec6f3a3f,539a4b9510f6c7eb54d00e013ede82f6f6cc7289,image_EJ_u2_S21.dd\Partition 1 [7639MB]\OHMYDATA [FAT32]\[root]\.Trashes\501\TMNT_1990_Donatello_IMG_0048.jpeg
3068166d068cf4cbb3c7e23e193898b3,c82efc300b710952664de6cd30591ed5a488c297,image_EJ_u2_S21.dd\Partition 1 [7639MB]\OHMYDATA [FAT32]\[root]\.Trashes\501\._TMNT_1990_Donatello_IMG_0048.jpeg
